Generation,Num_of_evaluations,Objective_value_fitness_best_i,Random_Seed,Algorithm,Best_Solution
0,64,12.049928464947952,23520116,DE,"[1.94288661, 1.84802643]"
1,128,5.198021526271672,23520116,DE,"[-2.01930907,  0.07328513]"
2,192,5.198021526271672,23520116,DE,"[-2.01930907,  0.07328513]"
3,256,5.198021526271672,23520116,DE,"[-2.01930907,  0.07328513]"
4,320,5.198021526271672,23520116,DE,"[-2.01930907,  0.07328513]"
5,384,5.198021526271672,23520116,DE,"[-2.01930907,  0.07328513]"
6,448,1.7887237892789827,23520116,DE,"[-1.00801005, -0.06228726]"
7,512,1.7887237892789827,23520116,DE,"[-1.00801005, -0.06228726]"
8,576,1.7887237892789827,23520116,DE,"[-1.00801005, -0.06228726]"
9,640,1.7887237892789827,23520116,DE,"[-1.00801005, -0.06228726]"
10,704,1.7887237892789827,23520116,DE,"[-1.00801005, -0.06228726]"
11,768,1.7887237892789827,23520116,DE,"[-1.00801005, -0.06228726]"
12,832,1.4319983674248107,23520116,DE,"[ 0.98039828, -0.04477138]"
13,896,1.4319983674248107,23520116,DE,"[ 0.98039828, -0.04477138]"
14,960,1.4319983674248107,23520116,DE,"[ 0.98039828, -0.04477138]"
15,1024,1.4319983674248107,23520116,DE,"[ 0.98039828, -0.04477138]"
16,1088,1.1403932342698369,23520116,DE,"[1.00342098, 0.0257469 ]"
17,1152,1.1403932342698369,23520116,DE,"[1.00342098, 0.0257469 ]"
18,1216,1.0202200207361827,23520116,DE,"[ 0.01082153, -0.9917531 ]"
19,1280,1.0202200207361827,23520116,DE,"[ 0.01082153, -0.9917531 ]"
20,1344,1.0202200207361827,23520116,DE,"[ 0.01082153, -0.9917531 ]"
21,1408,1.0202200207361827,23520116,DE,"[ 0.01082153, -0.9917531 ]"
22,1472,1.0202200207361827,23520116,DE,"[ 0.01082153, -0.9917531 ]"
23,1536,1.0202200207361827,23520116,DE,"[ 0.01082153, -0.9917531 ]"
24,1600,0.7308973597202737,23520116,DE,"[ 0.06072753, -0.00637018]"
25,1664,0.7308973597202737,23520116,DE,"[ 0.06072753, -0.00637018]"
26,1728,0.7308973597202737,23520116,DE,"[ 0.06072753, -0.00637018]"
27,1792,0.7308973597202737,23520116,DE,"[ 0.06072753, -0.00637018]"
28,1856,0.7308973597202737,23520116,DE,"[ 0.06072753, -0.00637018]"
29,1920,0.7308973597202737,23520116,DE,"[ 0.06072753, -0.00637018]"
30,1984,0.07715472893661257,23520116,DE,"[-0.01536712,  0.01236976]"
31,2000,0.07715472893661257,23520116,DE,"[-0.01536712,  0.01236976]"
