Generation,Num_of_evaluations,Objective_value_fitness_best_i,Random_Seed,Algorithm,Best_Solution
0,64,9.701405174654651,23520110,DE,"[-2.13300381,  0.92834262]"
1,128,9.701405174654651,23520110,DE,"[-2.13300381,  0.92834262]"
2,192,4.001634425291851,23520110,DE,"[0.87095359, 0.02583223]"
3,256,4.001634425291851,23520110,DE,"[0.87095359, 0.02583223]"
4,320,1.1205394396751949,23520110,DE,"[-1.00722006, -0.02198728]"
5,384,1.1205394396751949,23520110,DE,"[-1.00722006, -0.02198728]"
6,448,1.1205394396751949,23520110,DE,"[-1.00722006, -0.02198728]"
7,512,1.1205394396751949,23520110,DE,"[-1.00722006, -0.02198728]"
8,576,1.1205394396751949,23520110,DE,"[-1.00722006, -0.02198728]"
9,640,1.1205394396751949,23520110,DE,"[-1.00722006, -0.02198728]"
10,704,1.1205394396751949,23520110,DE,"[-1.00722006, -0.02198728]"
11,768,1.1205394396751949,23520110,DE,"[-1.00722006, -0.02198728]"
12,832,1.1205394396751949,23520110,DE,"[-1.00722006, -0.02198728]"
13,896,1.1205394396751949,23520110,DE,"[-1.00722006, -0.02198728]"
14,960,1.1205394396751949,23520110,DE,"[-1.00722006, -0.02198728]"
15,1024,1.1205394396751949,23520110,DE,"[-1.00722006, -0.02198728]"
16,1088,1.1205394396751949,23520110,DE,"[-1.00722006, -0.02198728]"
17,1152,1.1205394396751949,23520110,DE,"[-1.00722006, -0.02198728]"
18,1216,1.1205394396751949,23520110,DE,"[-1.00722006, -0.02198728]"
19,1280,1.1205394396751949,23520110,DE,"[-1.00722006, -0.02198728]"
20,1344,1.1205394396751949,23520110,DE,"[-1.00722006, -0.02198728]"
21,1408,0.6816826062722257,23520110,DE,"[0.0585827 , 0.00651844]"
22,1472,0.6816826062722257,23520110,DE,"[0.0585827 , 0.00651844]"
23,1536,0.6816826062722257,23520110,DE,"[0.0585827 , 0.00651844]"
24,1600,0.6816826062722257,23520110,DE,"[0.0585827 , 0.00651844]"
25,1664,0.6816826062722257,23520110,DE,"[0.0585827 , 0.00651844]"
26,1728,0.5826505747689836,23520110,DE,"[0.04245977, 0.03389632]"
27,1792,0.5826505747689836,23520110,DE,"[0.04245977, 0.03389632]"
28,1856,0.5826505747689836,23520110,DE,"[0.04245977, 0.03389632]"
29,1920,0.5826505747689836,23520110,DE,"[0.04245977, 0.03389632]"
30,1984,0.5826505747689836,23520110,DE,"[0.04245977, 0.03389632]"
31,2000,0.5826505747689836,23520110,DE,"[0.04245977, 0.03389632]"
