Generation,Num_of_evaluations,Objective_value_fitness_best_i,Random_Seed,Algorithm,Best_Solution
0,128,4.474714017868202,23520115,DE,"[1.08107752, 1.06788176]"
1,256,0.10411225343757735,23520115,DE,"[-0.01002742,  0.020612  ]"
2,384,0.10411225343757735,23520115,DE,"[-0.01002742,  0.020612  ]"
3,512,0.10411225343757735,23520115,DE,"[-0.01002742,  0.020612  ]"
4,640,0.10411225343757735,23520115,DE,"[-0.01002742,  0.020612  ]"
5,768,0.10411225343757735,23520115,DE,"[-0.01002742,  0.020612  ]"
6,896,0.10411225343757735,23520115,DE,"[-0.01002742,  0.020612  ]"
7,1024,0.10411225343757735,23520115,DE,"[-0.01002742,  0.020612  ]"
8,1152,0.10411225343757735,23520115,DE,"[-0.01002742,  0.020612  ]"
9,1280,0.10411225343757735,23520115,DE,"[-0.01002742,  0.020612  ]"
10,1408,0.10411225343757735,23520115,DE,"[-0.01002742,  0.020612  ]"
11,1536,0.10411225343757735,23520115,DE,"[-0.01002742,  0.020612  ]"
12,1664,0.10411225343757735,23520115,DE,"[-0.01002742,  0.020612  ]"
13,1792,0.10411225343757735,23520115,DE,"[-0.01002742,  0.020612  ]"
14,1920,0.10411225343757735,23520115,DE,"[-0.01002742,  0.020612  ]"
15,2000,0.10411225343757735,23520115,DE,"[-0.01002742,  0.020612  ]"
